date,term_premium,dgs10,fedfunds,breakeven_10yr,vix,nps_dw_pct_gdp,nps_simple_pct_gdp,fed_treasury_trn,foreign_official_trn,gdp_trn
2003-01-01,1.073295238095238,4.048571428571428,1.24,1.7542857142857144,27.424285714285713,,,0.629406,,11.174129
2003-02-01,0.9914736842105264,3.9026315789473687,1.26,1.9126315789473682,32.21842105263158,,,0.635996,,11.220341333333334
2003-03-01,0.9308047619047619,3.8071428571428574,1.25,1.8628571428571428,30.634285714285717,,,0.640891,,11.266553666666667
2003-04-01,1.009742857142857,3.958571428571428,1.26,1.774761904761905,23.99190476190476,,,0.647271,,11.312766
2003-05-01,0.7824380952380953,3.5690476190476192,1.26,1.6609523809523812,20.23952380952381,,,0.650859,,11.397400333333334
2003-06-01,0.6613142857142856,3.334285714285714,1.22,1.6123809523809522,20.362380952380953,,,0.651993,,11.482034666666667
2003-07-01,1.0156181818181818,3.975454545454546,1.01,1.8659090909090907,19.161363636363635,,,0.652856,,11.566669
2003-08-01,1.3159142857142858,4.4452380952380945,1.03,2.124761904761905,19.274285714285714,,,0.653671,,11.635190666666666
2003-09-01,1.209590476190476,4.274285714285715,1.01,2.0880952380952382,19.532380952380954,,,0.655993,,11.703712333333334
2003-10-01,1.203331818181818,4.290454545454545,1.01,2.2140909090909093,18.023478260869567,,,0.658672,,11.772234000000001
2003-11-01,1.2233888888888889,4.300000000000001,1.0,2.336111111111111,17.40105263157895,,,0.664515,,11.822638333333334
2003-12-01,1.2104590909090909,4.267727272727273,0.98,2.284090909090909,16.826363636363638,,,0.666665,,11.873042666666667
2004-01-01,1.135325,4.1505,1.0,2.263,16.101,,,0.66706,,11.923447
2004-02-01,1.096536842105263,4.084210526315789,1.01,2.3221052631578947,15.99842105263158,,,0.671527,,11.986569666666666
2004-03-01,0.9400304347826086,3.826521739130435,1.0,2.361304347826087,17.687391304347827,,,0.674084,,12.049692333333335
2004-04-01,1.2434571428571428,4.347619047619047,1.0,2.444761904761905,15.69857142857143,,,0.676383,,12.112815000000001
2004-05-01,1.451995,4.7155000000000005,1.0,2.6254999999999997,17.705000000000002,,,0.680633,,12.176979000000001
2004-06-01,1.404404761904762,4.733809523809524,1.03,2.5876190476190475,15.342727272727274,,,0.687391,,12.241143
2004-07-01,1.2448238095238096,4.498095238095239,1.26,2.473809523809524,15.502380952380953,,,0.693717,,12.305307
2004-08-01,1.1006545454545456,4.281363636363636,1.43,2.421818181818182,16.68409090909091,,,0.69484,,12.379275999999999
2004-09-01,0.9661238095238095,4.1257142857142854,1.61,2.3266666666666667,14.08095238095238,,,0.698617,,12.453245
2004-10-01,0.9229900000000001,4.0969999999999995,1.76,2.368,14.973809523809523,,,0.70673,,12.527214
2004-11-01,0.915705,4.194,1.93,2.518,13.577619047619047,,,0.711595,,12.607237999999999
2004-12-01,0.8993772727272727,4.2309090909090905,2.16,2.562272727272727,12.459545454545456,,,0.717813,,12.687262
2005-01-01,0.87218,4.221500000000001,2.28,2.498,13.437999999999999,,,0.717828,,12.767286
2005-02-01,0.8067947368421052,4.165263157894737,2.5,2.5342105263157895,11.708947368421052,,,0.717839,,12.819076
2005-03-01,0.9567090909090908,4.497727272727273,2.63,2.7104545454545454,13.126363636363635,,,0.717536,,12.870866
2005-04-01,0.8537809523809524,4.3409523809523805,2.79,2.6352380952380954,14.459047619047618,,,0.718638,,12.922656000000002
2005-05-01,0.7342809523809524,4.144285714285714,3.0,2.4909523809523813,13.967619047619047,,,0.722992,,12.995984666666667
2005-06-01,0.6377636363636363,3.998181818181818,3.04,2.3236363636363637,11.868636363636364,,,0.726022,,13.069313333333334
2005-07-01,0.67903,4.1775,3.26,2.3009999999999997,11.049,,,0.724702,,13.142642
2005-08-01,0.6846913043478261,4.262608695652174,3.5,2.3734782608695655,12.951304347826087,,,0.73038,,13.203162666666667
2005-09-01,0.6395714285714286,4.199047619047619,3.62,2.5,12.628095238095238,,,0.736082,,13.263683333333333
2005-10-01,0.7350350000000001,4.4635,3.78,2.521,14.937619047619048,,,0.739542,,13.324204
2005-11-01,0.75423,4.535,4.0,2.4715,12.147619047619047,,,0.744168,,13.415856
2005-12-01,0.7046095238095238,4.467142857142857,4.16,2.3438095238095236,11.26,,,0.74421,,13.507508
2006-01-01,0.612595,4.416,4.29,2.41,12.036,,,0.746588,,13.59916
2006-02-01,0.6686105263157894,4.568947368421052,4.49,2.5199999999999996,12.471052631578948,,,0.752549,,13.650581333333333
2006-03-01,0.7262434782608697,4.7239130434782615,4.59,2.526521739130435,11.69391304347826,,,0.758529,,13.702002666666667
2006-04-01,0.8296736842105263,4.990526315789474,4.79,2.581578947368421,11.84736842105263,,,0.759683,,13.753424
2006-05-01,0.8665590909090909,5.11,4.94,2.664090909090909,14.454545454545455,,,0.762411,,13.792345333333335
2006-06-01,0.8448181818181818,5.106363636363636,4.99,2.5768181818181817,16.918636363636363,,,0.766349,,13.831266666666666
2006-07-01,0.798875,5.0875,5.24,2.5805,15.325999999999999,,,0.764763,,13.870188
2006-08-01,0.6892434782608696,4.8765217391304345,5.25,2.5856521739130436,13.351739130434783,,,0.766738,,13.926645333333333
2006-09-01,0.6345,4.718999999999999,5.25,2.3995,12.1845,,,0.768915,,13.983102666666666
2006-10-01,0.6239285714285714,4.729047619047619,5.25,2.317619047619048,11.306363636363637,,,0.768422,,14.03956
2006-11-01,0.5441,4.595238095238095,5.25,2.3033333333333332,10.817619047619049,,,0.77261,,14.098257
2006-12-01,0.53929,4.5645,5.24,2.314,10.9645,,,0.778938,,14.156953999999999
2007-01-01,0.6331095238095238,4.7595238095238095,5.25,2.322857142857143,11.0425,,,0.778863,,14.215651
2007-02-01,0.6105947368421053,4.722631578947369,5.26,2.3621052631578947,11.155263157894737,,,0.780793,,14.277794666666667
2007-03-01,0.5261454545454546,4.5645454545454545,5.26,2.3877272727272727,15.162727272727272,,,0.78089,,14.339938333333334
2007-04-01,0.6040571428571428,4.6938095238095245,5.25,2.4380952380952383,12.933000000000002,,,0.787149,,14.402082
2007-05-01,0.6542545454545454,4.746363636363636,5.25,2.372727272727273,13.297727272727274,,,0.79026,,14.456093666666668
2007-06-01,0.8777285714285715,5.102857142857142,5.25,2.4119047619047618,14.947619047619046,,,0.790497,,14.510105333333334
2007-07-01,0.7921047619047619,5.0042857142857144,5.26,2.3676190476190477,17.273333333333333,,,0.790714,1.931939,14.564117
2007-08-01,0.7278608695652174,4.674782608695652,5.02,2.236521739130435,25.02608695652174,0.002197612100824694,0.008354849787150754,0.784637,1.908598,14.614430666666667
2007-09-01,0.6957736842105263,4.521578947368421,4.94,2.2642105263157895,22.198947368421056,-7.583889179926279e-05,-0.003610538569595697,0.779633,1.918609,14.664744333333333
2007-10-01,0.7072409090909091,4.527727272727272,4.76,2.325454545454545,19.115652173913045,0.00013106418835044523,-0.0010064258531430684,0.779586,1.949945,14.715058
2007-11-01,0.62758,4.1485,4.49,2.3805,25.58238095238095,-0.0006260617932102281,0.005463171834683204,0.779693,1.948104,14.712218
2007-12-01,0.6524300000000001,4.0975,4.24,2.3085,21.651,0.0011321810425824698,-0.00013056504906043388,0.754612,1.968372,14.709378000000001
2008-01-01,0.5028095238095238,3.744285714285714,3.94,2.2752380952380955,25.816190476190474,-0.0002572897612415494,-0.001348643666899051,0.718371,2.020747,14.706538
2008-02-01,0.6597649999999999,3.7375,2.98,2.3325,25.456,7.313764533131019e-05,0.007153083431096773,0.713355,2.048778,14.759592333333334
2008-03-01,0.67604,3.5100000000000002,2.61,2.4189999999999996,27.103500000000004,0.004779055009112739,0.00909820964701901,0.612305,2.08604,14.812646666666666
2008-04-01,0.7917636363636364,3.675,2.28,2.3127272727272725,21.562727272727273,0.0014020171964947894,-0.006619119297640336,0.548692,2.157862,14.865701
2008-05-01,0.8623047619047619,3.8800000000000003,1.98,2.42,18.303333333333335,0.00099184655902509,0.004999120543164283,0.491091,2.184079,14.876800333333332
2008-06-01,0.9536095238095238,4.099523809523809,2.0,2.470952380952381,22.11047619047619,0.0020409171261726077,5.07782815149554e-05,0.478796,2.206728,14.887899666666666
2008-07-01,0.9157,4.007727272727273,2.01,2.4386363636363635,24.321818181818184,0.0006727163920536591,0.005883261646268283,0.479206,2.244315,14.898999
2008-08-01,0.8290095238095238,3.8857142857142852,2.0,2.2095238095238097,20.695714285714285,-0.0017946882825178503,0.0028438374493242454,0.479642,2.281246,14.802069
2008-09-01,0.8034952380952382,3.6861904761904762,1.81,1.8361904761904764,30.23857142857143,0.00268244446047876,0.022410818092309052,0.476578,2.283221,14.705139
2008-10-01,1.0291863636363636,3.814090909090909,0.97,1.0618181818181818,61.17739130434782,0.0014271420504286083,0.030308863506974044,0.476469,2.334559,14.608209
2008-11-01,0.9979722222222223,3.526666666666667,0.39,0.6383333333333333,62.66894736842105,0.0012578540517898852,0.006100089257021171,0.476407,2.340167,14.549106666666667
2008-12-01,0.4959863636363636,2.4163636363636365,0.16,0.24636363636363637,52.405,0.0037150683381231776,-0.0018905802980430171,0.475921,2.343802,14.490004333333335
2009-01-01,0.533605,2.5175,0.15,0.6054999999999999,44.683,-0.0017970095896507015,-0.00601046008372798,0.475129,2.383303,14.430902
2009-02-01,0.6957894736842105,2.87,0.22,1.1178947368421053,45.57052631578947,0.003224672039683835,0.016200423803571545,0.474643,2.413082,14.414346666666667
2009-03-01,0.6441636363636364,2.819545454545455,0.18,1.1104545454545454,44.79545454545455,0.008869542407812589,0.01715722632610558,0.474746,2.419332,14.397791333333334
2009-04-01,0.6535619047619048,2.927142857142857,0.15,1.3595238095238096,38.063809523809525,-0.0005186478192327269,-0.0015728216957631887,0.549046,2.465449,14.381236000000001
2009-05-01,0.8528800000000001,3.293,0.18,1.576,31.977999999999998,-0.0032373345799531984,-0.00119465573971141,0.600142,2.523963,14.403784666666667
2009-06-01,1.1385772727272727,3.7218181818181817,0.21,1.8595454545454544,29.140454545454546,0.005139179389880952,0.005399947691643992,0.653193,2.552197,14.426333333333334
2009-07-01,1.0273999999999999,3.5622727272727275,0.16,1.7395454545454547,26.162727272727274,0.004422719683762442,0.007435459791682193,0.695758,2.572264,14.448882
2009-08-01,1.0585761904761906,3.587142857142857,0.16,1.8133333333333332,25.337142857142858,0.0020327285832360837,0.005857942737492564,0.744878,2.594306,14.516337666666667
2009-09-01,0.9523,3.401904761904762,0.15,1.76,24.92666666666667,0.0042138311751743285,0.0016090690372486407,0.76916,2.616491,14.583793333333332
2009-10-01,0.9301714285714285,3.3876190476190478,0.12,1.9042857142857144,24.252272727272725,0.0017678463708991907,-0.007415098585397698,0.774561,2.656723,14.651249
2009-11-01,0.919457894736842,3.4026315789473687,0.12,2.1273684210526316,23.788999999999998,0.008629123083279231,0.013436188729520406,0.776535,2.684349,14.689036
2009-12-01,0.981240909090909,3.5900000000000003,0.12,2.2254545454545456,21.239545454545453,0.006433894225164505,0.00579069825458754,0.776587,2.696972,14.726823
2010-01-01,1.0680631578947368,3.7331578947368427,0.11,2.358421052631579,20.643157894736845,0.0036054675833110737,-0.0026366856517557624,0.776619,2.689321,14.764610000000001
2010-02-01,1.0207368421052632,3.691052631578947,0.13,2.272105263157895,22.54,0.0063965317085450946,0.01117808136708587,0.776549,2.703427,14.836471
2010-03-01,1.0244478260869565,3.7273913043478264,0.16,2.219130434782609,17.767391304347825,0.008789365339073511,0.02099733028921009,0.776705,2.740618,14.908332
2010-04-01,1.0861545454545454,3.8468181818181817,0.2,2.3459090909090907,17.424285714285716,0.0042636241878371926,0.006988836100127032,0.776717,2.779914,14.980193
2010-05-01,0.867125,3.4200000000000004,0.2,2.113,31.9295,0.004102546368785949,0.0043611652721013885,0.776877,2.771073,15.033997666666666
2010-06-01,0.7559227272727272,3.2040909090909087,0.18,1.947272727272727,29.916363636363634,0.00838861338538021,0.008527360005182748,0.776989,2.78692,15.087802333333332
2010-07-01,0.6146666666666667,3.0114285714285716,0.18,1.7704761904761905,25.565238095238094,0.0019502403439376854,0.002010800217206192,0.777021,2.833326,15.141607
2010-08-01,0.42250454545454547,2.6986363636363637,0.19,1.6768181818181818,24.74590909090909,0.006040770685190806,0.010977800906824141,0.784498,2.884752,15.197562666666666
2010-09-01,0.39389047619047624,2.6476190476190475,0.19,1.7385714285714284,22.517619047619046,0.0028650062904248164,0.001577015947988978,0.811669,2.927765,15.253518333333334
2010-10-01,0.298595,2.54,0.19,2.0149999999999997,20.37333333333333,-0.001180214390494392,-0.003908301232798694,0.837848,3.00655,15.309474
2010-11-01,0.397195,2.763,0.19,2.097,20.095714285714287,0.003945470036134968,0.006487491652209319,0.901238,3.049583,15.323465333333333
2010-12-01,0.7313636363636363,3.290909090909091,0.18,2.2468181818181816,17.56954545454545,-0.00018177782796728717,-0.0001398558754575472,1.016102,3.051383,15.337456666666666
2011-01-01,0.78068,3.3939999999999997,0.17,2.3335,17.3155,0.0008505045377613817,0.0004911607058962567,1.114448,3.046942,15.351448
2011-02-01,0.9066052631578948,3.5763157894736843,0.16,2.338421052631579,17.43,-0.0004397620601887731,-0.00279993945268415,1.213425,3.074501,15.420145
2011-03-01,0.8248652173913044,3.4143478260869564,0.14,2.4504347826086956,20.723478260869566,3.3942318893252985e-05,-0.0026165794520048333,1.333445,3.079611,15.488842
2011-04-01,0.8658300000000001,3.4549999999999996,0.1,2.5915,16.244,-0.002123722399736826,-0.007044118583413353,1.413467,3.113075,15.557539
2011-05-01,0.6911857142857143,3.168571428571429,0.09,2.3899999999999997,16.91142857142857,0.002699531049920737,0.00025818927442050697,1.519327,3.129262,15.587586000000002
2011-06-01,0.5592909090909091,3.002272727272727,0.09,2.2468181818181816,19.153181818181817,0.0015484844304620097,-0.0009588698028586724,1.61706,3.120578,15.617633
2011-07-01,0.5622849999999999,3.003,0.07,2.3795,19.2275,0.003283173502912241,0.0010644686446520096,1.638161,3.125528,15.647680000000001
2011-08-01,0.18979565217391306,2.3030434782608693,0.1,2.167826086956522,35.02913043478261,0.006676416577871045,0.008687469119748596,1.652113,3.119154,15.712539666666668
2011-09-01,0.04284761904761905,1.975238095238095,0.08,1.8976190476190478,36.53,0.0068193679609844324,0.007951707001884186,1.664655,3.083806,15.777399333333333
2011-10-01,0.13705,2.152,0.07,1.966,32.829047619047614,0.006802524325287168,0.009253607937416046,1.678012,3.04589,15.842259
2011-11-01,0.054135,2.0134999999999996,0.08,2.012,31.94190476190476,0.003975568255888089,0.006070673859764047,1.672038,3.087273,15.917774333333332
2011-12-01,0.03229047619047619,1.9780952380952381,0.07,2.0095238095238095,25.047619047619047,0.005138168250653428,0.006018402169716495,1.672092,3.049584,15.993289666666668
2012-01-01,0.0091,1.9665,0.08,2.0744999999999996,20.228,0.007304547374426743,0.010065704050296767,1.661529,3.030257,16.068805
2012-02-01,-0.013485,1.9675,0.1,2.222,18.4205,0.0021507577290732728,0.006398285251362221,1.661601,3.079962,16.114908333333332
2012-03-01,0.10551818181818183,2.1727272727272724,0.13,2.314090909090909,16.167272727272728,0.0028270084578908903,0.006014629736282371,1.664911,3.09534,16.161011666666667
2012-04-01,0.03772857142857143,2.052857142857143,0.14,2.2666666666666666,17.823,0.005420159228659807,0.0035993633635720925,1.667766,3.095538,16.207114999999998
2012-05-01,-0.09000909090909091,1.8031818181818182,0.16,2.1445454545454545,21.001818181818184,0.005006034146424213,0.004831917386631514,1.656675,3.114032,16.244590333333335
2012-06-01,-0.17118571428571427,1.6223809523809525,0.16,2.1228571428571428,21.13095238095238,0.0025037152837491545,0.0013404855846898274,1.66653,3.119447,16.282065666666664
2012-07-01,-0.22776190476190478,1.5266666666666668,0.16,2.1285714285714286,17.565238095238094,0.004645299266380684,0.005832317517231082,1.651432,3.125719,16.319541
2012-08-01,-0.14846521739130433,1.6782608695652175,0.13,2.263913043478261,15.689565217391305,0.0033146973138615766,0.007752025509922974,1.639413,3.160307,16.353167
2012-09-01,-0.14943684210526317,1.7231578947368422,0.14,2.436315789473684,15.284736842105264,0.0013302848659777489,-0.0024356798065486318,1.648403,3.183699,16.386793
2012-10-01,-0.1380142857142857,1.7461904761904763,0.16,2.494761904761905,16.276190476190475,0.005991968212322089,0.008411332353456565,1.645334,3.186355,16.420419000000003
2012-11-01,-0.175315,1.654,0.16,2.4265,16.701904761904764,0.003940413152441259,0.00802142637250304,1.646645,3.198053,16.496342333333335
2012-12-01,-0.14553,1.719,0.16,2.4765,17.307,0.0021559733312383716,-0.0017087308952830256,1.65693,3.236361,16.572265666666667
2013-01-01,-0.04867619047619048,1.9147619047619049,0.14,2.5233333333333334,13.505238095238095,0.0010136080728468863,-0.0005952461678756423,1.710058,3.254891,16.648189
2013-02-01,-0.010978947368421053,1.9842105263157896,0.15,2.554736842105263,14.072631578947368,0.0003702108462484722,0.006853537547053475,1.749545,3.293893,16.675021666666666
2013-03-01,-0.026495,1.9575,0.14,2.5424999999999995,13.0315,0.0011311121888338796,0.002817769804376523,1.794459,3.29133,16.701854333333333
2013-04-01,-0.12271363636363636,1.7590909090909093,0.15,2.411363636363636,13.967272727272727,0.0028889638684775265,-0.0017572885966442137,1.836227,3.29768,16.728687
2013-05-01,-0.03299090909090909,1.9281818181818182,0.11,2.283181818181818,13.493636363636364,0.0011308413108788288,-0.004992028507456452,1.883559,3.314859,16.803737333333334
2013-06-01,0.195125,2.3,0.09,2.0484999999999998,17.2715,0.0015742693820075071,-0.0012613557540631212,1.928416,3.290397,16.878787666666668
2013-07-01,0.3588772727272727,2.5822727272727275,0.09,2.122272727272727,13.974545454545455,0.0030406520373605626,0.0035291510791703945,1.982407,3.264725,16.953838
2013-08-01,0.4489318181818182,2.7372727272727273,0.08,2.1845454545454546,14.21,0.00018481725456770713,0.0025463183324117306,2.02361,3.283342,17.033231666666666
2013-09-01,0.501565,2.8095,0.08,2.1454999999999997,14.692000000000002,0.003229784810407828,-0.0019831704095743933,2.062004,3.289073,17.112625333333334
2013-10-01,0.36906818181818185,2.6159090909090907,0.09,2.1872727272727275,15.407826086956522,0.0006291164729867082,0.0006753470036764854,2.11775,3.316184,17.192019000000002
2013-11-01,0.4011105263157895,2.718421052631579,0.08,2.170526315789474,12.924000000000001,-0.0008185995791333031,0.0010090585147445009,2.163666,3.349319,17.193925333333333
2013-12-01,0.5150380952380952,2.901904761904762,0.09,2.163333333333333,14.192380952380953,0.0018665080435502637,0.00046144856091775885,2.208829,3.374245,17.19583166666667
2014-01-01,0.5288380952380953,2.858095238095238,0.07,2.2261904761904763,14.24095238095238,0.002442566559320208,-0.0022591682595844297,2.243176,3.334528,17.197738
2014-02-01,0.4405842105263158,2.709473684210526,0.07,2.157368421052632,15.47,0.002269222476326627,0.009249962134565923,2.278256,3.325367,17.304661333333332
2014-03-01,0.47112857142857145,2.723333333333333,0.08,2.1676190476190476,14.836666666666666,0.00556848380557083,0.009179411894434929,2.311539,3.256221,17.41158466666667
2014-04-01,0.489,2.705238095238095,0.09,2.1623809523809525,14.19809523809524,0.00022183248886215812,-0.01032630974431215,2.350272,3.279197,17.518508
2014-05-01,0.4079,2.559047619047619,0.09,2.190952380952381,12.475238095238096,0.001997348214697918,0.0006602314711746364,2.370724,3.27889,17.613748
2014-06-01,0.4373904761904762,2.5985714285714288,0.1,2.229047619047619,11.541428571428572,0.0013643689657850838,-0.001426231724214828,2.396972,3.315003,17.708988
2014-07-01,0.42405000000000004,2.5422727272727275,0.09,2.2627272727272727,12.296363636363635,0.0016479745104588713,0.0034172491162436395,2.420285,3.309299,17.804228
2014-08-01,0.37417142857142854,2.42,0.09,2.1961904761904765,13.491904761904761,0.0008302040138656623,0.00195133281674471,2.435932,3.341164,17.840178333333334
2014-09-01,0.4463857142857143,2.5342857142857143,0.09,2.0733333333333333,13.466666666666667,0.002501096314699839,0.0010035666445358635,2.448625,3.359602,17.876128666666666
2014-10-01,0.3189090909090909,2.304090909090909,0.09,1.9200000000000002,18.058695652173913,0.0052061612955703685,0.0069036781937485,2.46158,3.291463,17.912079000000002
2014-11-01,0.3402666666666667,2.3255555555555554,0.09,1.8800000000000001,13.413157894736841,0.0015062808203683267,0.0020205114386171283,2.461645,3.313943,17.962562333333334
2014-12-01,0.2889909090909091,2.2072727272727275,0.12,1.6968181818181818,16.292272727272728,0.0044309567636864125,0.0065421603314079835,2.461364,3.293152,18.013045666666667
2015-01-01,0.12114,1.8815000000000002,0.11,1.607,19.1195,0.001967768369583856,-0.000688650225420557,2.460804,3.270871,18.063529
2015-02-01,0.17510526315789474,1.9752631578947368,0.11,1.7152631578947366,15.90421052631579,0.0009329137505318819,0.005082411299332886,2.460167,3.26644,18.135613999999997
2015-03-01,0.20422727272727273,2.0427272727272725,0.11,1.7618181818181817,14.812727272727273,0.004419688866932796,0.005850976502509331,2.459666,3.233869,18.207699
2015-04-01,0.12494090909090909,1.935,0.12,1.8581818181818184,13.494761904761905,-0.00023410618283488063,-0.0029387487037746546,2.460034,3.288587,18.279784
2015-05-01,0.26869,2.1975000000000002,0.12,1.8655000000000002,13.3385,0.000808290541457996,0.0002001347760370943,2.460639,3.326742,18.320398
2015-06-01,0.35670454545454544,2.3636363636363638,0.13,1.8659090909090907,14.339545454545457,0.001506760033023458,-0.0009435295007448988,2.460911,3.368074,18.361012
2015-07-01,0.32376363636363636,2.3245454545454547,0.13,1.820909090909091,14.352727272727272,0.0041007116559896185,0.007707240229714507,2.461502,3.327998,18.401626
2015-08-01,0.23001904761904762,2.1671428571428573,0.14,1.6114285714285717,19.42809523809524,0.0020808231036487375,0.0010274215416118848,2.461876,3.341767,18.412796333333333
2015-09-01,0.23213333333333336,2.172857142857143,0.14,1.522857142857143,24.377142857142857,0.003518840064227467,0.0008396031863837038,2.461948,3.333696,18.42396666666667
2015-10-01,0.17631904761904763,2.07,0.12,1.4985714285714284,16.789545454545454,0.00347925265430046,-0.0008142582737713958,2.4618,3.292359,18.435136999999997
2015-11-01,0.28039473684210525,2.263157894736842,0.12,1.5705263157894738,16.21,0.002448933650000486,0.0158720175340469,2.461628,3.322392,18.46540233333333
2015-12-01,0.24322272727272728,2.2427272727272727,0.24,1.515,18.025454545454547,0.0033600371758356223,0.0044610512682168885,2.461554,3.323911,18.49566766666667
2016-01-01,0.1490578947368421,2.0852631578947367,0.34,1.42,23.717894736842105,0.003709332246578926,0.0021223199255260565,2.461341,3.267091,18.525933000000002
2016-02-01,-0.030940000000000002,1.7795,0.38,1.3074999999999999,22.517,0.003521512333957244,0.007348975812047401,2.461211,3.254251,18.587856
2016-03-01,0.03745909090909091,1.8890909090909092,0.36,1.5518181818181818,15.84909090909091,0.0028803961069955473,0.006816291418194858,2.461326,3.260442,18.649779000000002
2016-04-01,-0.010442857142857143,1.805238095238095,0.37,1.6147619047619048,14.300476190476191,0.001172670583384045,-0.003707944807669528,2.461413,3.238689,18.711702000000002
2016-05-01,-0.006352380952380952,1.8061904761904761,0.37,1.5942857142857145,14.852857142857141,0.002658413782674316,0.003137673156828436,2.461637,3.218126,18.77201433333333
2016-06-01,-0.09436363636363637,1.6440909090909093,0.38,1.4700000000000002,17.774545454545457,0.0022074522074753363,0.001691193696533677,2.462303,3.224997,18.832326666666667
2016-07-01,-0.17414000000000002,1.504,0.39,1.4655,13.1585,0.0017747458768996888,0.0035821495533260406,2.462763,3.220405,18.892639
2016-08-01,-0.14408260869565218,1.556521739130435,0.4,1.4682608695652173,12.399565217391304,0.004117183702814903,0.00715206319734997,2.463645,3.188552,18.958219
2016-09-01,-0.10748095238095237,1.6304761904761906,0.4,1.5147619047619048,14.21952380952381,0.004056908897547667,0.005616826481149034,2.46346,3.143508,19.023799
2016-10-01,-0.047635,1.7645,0.4,1.6669999999999998,14.585238095238097,0.00276631685437912,0.006677677694718664,2.463544,3.125232,19.089379
2016-11-01,0.14154,2.1420000000000003,0.41,1.8219999999999998,15.236190476190476,0.0009943736370563064,0.007805423498189841,2.463861,3.126798,19.152947333333334
2016-12-01,0.34254285714285715,2.491904761904762,0.54,1.9357142857142857,12.472380952380954,0.0004468881848442003,-0.0027568358744964926,2.463601,3.179877,19.216515666666666
2017-01-01,0.306725,2.4325,0.65,2.0115,11.6085,0.0017079909932875717,-0.0024989474477482964,2.463462,3.170621,19.280084
2017-02-01,0.2960894736842105,2.4189473684210525,0.66,2.0189473684210526,11.530526315789475,0.002053745443609854,0.0012638053166129377,2.463456,3.18144,19.332936999999998
2017-03-01,0.28672608695652174,2.4817391304347827,0.79,1.996086956521739,11.89782608695652,0.0018465525327945596,0.00213365025813896,2.464335,3.207011,19.38579
2017-04-01,0.15942105263157894,2.2973684210526315,0.9,1.9063157894736842,13.136315789473684,0.0001222695860436883,-0.0010485483916310024,2.46473,3.210754,19.438643
2017-05-01,0.14254999999999998,2.3036363636363637,0.91,1.836818181818182,10.862272727272726,0.0006826245900831831,0.00029719885344909084,2.464696,3.237523,19.523293666666667
2017-06-01,0.0562,2.186818181818182,1.04,1.7286363636363637,10.513636363636364,-0.00030106339073614766,-0.0021614658486822447,2.465046,3.307944,19.607944333333332
2017-07-01,0.11113500000000001,2.318,1.15,1.7719999999999998,10.2645,0.0012652717425401018,0.0016987584166428718,2.46517,3.325296,19.692595
2017-08-01,0.05980869565217391,2.2091304347826086,1.16,1.7756521739130435,11.975652173913044,0.000805724657300726,0.0004802299565253245,2.4653,3.345018,19.807426
2017-09-01,0.04881,2.202,1.15,1.834,10.437999999999999,0.001375416439571868,0.003987408580622781,2.465427,3.371865,19.922257000000002
2017-10-01,0.12635238095238094,2.3600000000000003,1.15,1.861904761904762,10.125454545454545,0.0026648364860250738,0.004027453651553529,2.465727,3.364785,20.037088
2017-11-01,0.1068095238095238,2.3533333333333335,1.16,1.8576190476190475,10.54047619047619,0.0024270137093657614,0.007455959142923888,2.456959,3.387303,20.134242999999998
2017-12-01,0.126465,2.4025,1.3,1.8995000000000002,10.2645,0.0035086747174286814,0.0034918789732098694,2.454219,3.361999,20.231398000000002
2018-01-01,0.20057142857142857,2.583809523809524,1.41,2.0438095238095237,11.062380952380952,0.002621438478986047,0.0023716569207507913,2.436211,3.366298,20.328553
2018-02-01,0.321,2.8589473684210525,1.42,2.101578947368421,22.464736842105264,0.0014010697581623797,0.0060684293634816425,2.424242,3.418332,20.412672666666666
2018-03-01,0.2882619047619047,2.8423809523809522,1.51,2.0904761904761906,19.023809523809526,0.0022431046595086093,0.011704828273920696,2.424883,3.444223,20.496792333333335
2018-04-01,0.28833333333333333,2.869047619047619,1.69,2.1276190476190475,18.267619047619046,0.002180822535827816,-0.0025944846141176792,2.413218,3.411778,20.580912
2018-05-01,0.33442727272727274,2.977727272727273,1.7,2.1418181818181816,14.124545454545455,0.0042399592195959705,0.006339128422924827,2.387103,3.394432,20.653518
2018-06-01,0.2913,2.9123809523809525,1.82,2.1176190476190477,13.678095238095239,0.002894805754893559,0.0023232436112917104,2.37825,3.399649,20.726124
2018-07-01,0.26717142857142856,2.889047619047619,1.91,2.1142857142857143,13.147619047619049,0.0033539522740029474,0.005215196697388275,2.359893,3.411825,20.79873
2018-08-01,0.24713913043478258,2.889130434782609,1.91,2.0991304347826087,12.54695652173913,0.004432323107133009,0.011231342200674557,2.324589,3.429056,20.838442333333333
2018-09-01,0.28568421052631576,3.004210526315789,1.95,2.1231578947368424,12.910526315789474,0.002938408731823486,-0.0010402467522082199,2.313208,3.438549,20.878154666666667
2018-10-01,0.3362818181818182,3.152272727272727,2.19,2.1113636363636363,19.35217391304348,0.005795447144372463,0.00696664097469932,2.270399,3.414455,20.917866999999998
2018-11-01,0.296625,3.117,2.2,2.004,19.38904761904762,0.004140523558292417,0.011070109869318787,2.253117,3.401805,20.982444666666666
2018-12-01,0.13123157894736842,2.8326315789473684,2.27,1.816315789473684,24.953157894736844,0.004505069248971575,0.003597661741318971,2.240717,3.396908,21.04702233333333
2019-01-01,0.054747619047619045,2.713809523809524,2.4,1.793809523809524,19.57238095238095,0.0027572683763695404,0.0002531362352716147,2.220012,3.414056,21.1116
2019-02-01,0.03477368421052631,2.6763157894736844,2.4,1.876842105263158,15.234736842105262,0.0022587926203643627,0.007488216871860857,2.182092,3.442315,21.207046
2019-03-01,-0.02322857142857143,2.570952380952381,2.41,1.912857142857143,14.485238095238095,0.0026306621961777396,0.0069700275888745136,2.175596,3.470097,21.302491999999997
2019-04-01,-0.041223809523809524,2.532380952380952,2.42,1.9366666666666668,12.949047619047619,0.0035694738703148363,-0.0007887113654309833,2.153544,3.452317,21.397938
2019-05-01,-0.10613636363636364,2.395,2.39,1.8263636363636364,16.721818181818183,0.00507746172371442,0.004116120813092195,2.114744,3.463337,21.504348999999998
2019-06-01,-0.24891999999999997,2.074,2.38,1.7,15.836000000000002,0.0036622255781665835,-0.00035068081922511155,2.110256,3.467346,21.61076
2019-07-01,-0.23975,2.059090909090909,2.4,1.752727272727273,13.305909090909092,0.0048784568628921264,0.003305358522550978,2.0807,3.462859,21.717170999999997
2019-08-01,-0.4218318181818182,1.6263636363636365,2.13,1.5863636363636362,18.97909090909091,0.0012068215684432962,0.0069440545163649845,2.09513,3.475359,21.78918633333333
2019-09-01,-0.37432,1.6995,2.04,1.5870000000000002,15.559000000000001,0.005249899857934558,0.009357731506316677,2.107683,3.458563,21.861201666666666
2019-10-01,-0.32750454545454544,1.7068181818181818,1.83,1.560909090909091,15.466521739130435,0.0033669654254936355,0.006196855705018173,2.175491,3.421661,21.933217
2019-11-01,-0.23682631578947366,1.8121052631578947,1.55,1.6405263157894736,12.5235,0.001044624659593802,0.0021702306116458585,2.248498,3.414903,21.872557333333333
2019-12-01,-0.20764285714285716,1.8628571428571428,1.55,1.7180952380952381,13.756666666666666,0.0023397081160210186,-0.0009144511566713975,2.328862,3.409201,21.811897666666667
2020-01-01,-0.26535238095238095,1.7576190476190479,1.55,1.720952380952381,13.94095238095238,-0.0007056127949673244,-0.0030983696200272475,2.409108,3.434373,21.751238
2020-02-01,-0.40367368421052635,1.5042105263157897,1.58,1.6157894736842104,19.628947368421052,-0.0009402009067539938,0.00508304307331029,2.47406,3.460325,21.153589
2020-03-01,-0.47294545454545456,0.87,0.65,0.9868181818181818,57.73681818181819,-0.009120631496848046,-0.0075146069328047675,2.978372,3.355273,20.555940000000003
2020-04-01,-0.559052380952381,0.6576190476190477,0.05,1.1033333333333335,41.453809523809525,-0.032516168101400685,0.01992955768534131,3.971419,3.337349,19.958291000000003
2020-05-01,-0.573475,0.674,0.05,1.1155,30.897000000000002,-0.0025384397624725044,0.024559348976788693,4.109512,3.391236,20.540339666666668
2020-06-01,-0.5665818181818182,0.7286363636363636,0.08,1.2731818181818182,31.119545454545456,0.006276733672907876,0.026012684231024263,4.197404,3.42988,21.122388333333337
2020-07-01,-0.6144318181818181,0.6236363636363637,0.09,1.4563636363636363,26.840454545454545,0.003073253423349314,0.0012889524336023815,4.293563,3.407393,21.704437000000002
2020-08-01,-0.6078047619047618,0.65,0.1,1.6614285714285715,22.88952380952381,0.005758588551403248,0.005126743675162256,4.358559,3.413328,21.832011333333334
2020-09-01,-0.5978619047619047,0.6795238095238095,0.09,1.6561904761904762,27.64761904761905,0.006268576326190973,0.004476014342621613,4.445477,3.412119,21.959585666666666
2020-10-01,-0.5468380952380952,0.7871428571428571,0.09,1.7038095238095239,29.438636363636363,0.002635888784209039,0.00011968564349297081,4.527186,3.394941,22.08716
2020-11-01,-0.49895263157894737,0.8700000000000001,0.09,1.7121052631578948,24.9955,0.00909519833858357,0.0048190285577474545,4.60658,3.458688,22.285004333333333
2020-12-01,-0.4784818181818182,0.9336363636363636,0.09,1.9159090909090908,22.37409090909091,0.006292353011109495,0.007723182750078456,4.688916,3.490578,22.482848666666666
2021-01-01,-0.41485263157894736,1.0810526315789473,0.09,2.081578947368421,24.91,-0.000835715253741514,-0.0022512965908286454,4.766107,3.532932,22.680692999999998
2021-02-01,-0.32094736842105265,1.2578947368421052,0.08,2.18,23.140526315789476,0.005668092669722591,0.0007471721920008029,4.844574,3.54687,22.929098666666665
2021-03-01,-0.10919130434782609,1.6108695652173912,0.07,2.2752173913043476,21.84304347826087,0.012167922447408748,0.005479526929084892,4.942277,3.551522,23.177504333333335
2021-04-01,-0.08434090909090909,1.635,0.07,2.3495454545454546,17.416190476190476,0.006228462626424237,2.949615698937244e-05,5.014762,3.546598,23.42591
2021-05-01,-0.09831999999999999,1.621,0.06,2.468,19.7605,0.002714713600626614,-0.004194437549116697,5.087157,3.535183,23.611399666666667
2021-06-01,-0.1325318181818182,1.5190909090909093,0.08,2.3427272727272728,16.956818181818182,0.01276337642523402,0.009883240852892935,5.183385,3.522582,23.796889333333333
2021-07-01,-0.22696666666666668,1.3185714285714287,0.1,2.3276190476190477,17.603333333333335,0.001280821953110615,-0.004672495624432531,5.26374,3.514404,23.982379
2021-08-01,-0.24381818181818182,1.2831818181818182,0.09,2.3486363636363636,17.472727272727273,0.01144849644187651,0.006761097235164333,5.346372,3.501608,24.259452666666668
2021-09-01,-0.19274761904761903,1.3747619047619049,0.08,2.3442857142857143,19.824761904761903,0.006959575671290605,-0.004934676729283409,5.431056,3.48458,24.53652633333333
2021-10-01,-0.059550000000000006,1.5825,0.08,2.535,17.871428571428574,0.002142409145404529,0.006753137403537153,5.513329,3.486909,24.813599999999997
2021-11-01,-0.04061,1.5595,0.08,2.616,18.50047619047619,0.008857604077169902,0.006648921285050697,5.5789,3.47507,24.959182333333334
2021-12-01,-0.0761090909090909,1.4649999999999999,0.08,2.458181818181818,21.354545454545455,0.008320812883151273,0.009051699132858401,5.652272,3.412684,25.104764666666664
2022-01-01,0.066815,1.764,0.08,2.4495,23.181,0.0031242817458313737,0.008670112804747167,5.716217,3.458192,25.250347
2022-02-01,0.12541578947368423,1.9342105263157894,0.08,2.4578947368421056,25.748421052631578,0.007096537410926113,0.010241248617232348,5.741778,3.449284,25.453995333333335
2022-03-01,0.20977391304347826,2.1278260869565218,0.2,2.8465217391304347,26.968695652173913,0.006272146293399538,0.002263617887277138,5.76003,3.464169,25.657643666666665
2022-04-01,0.480945,2.7475,0.33,2.884,24.3735,0.0026575196124161886,-0.0012280586614380128,5.764013,3.46163,25.861292000000002
2022-05-01,0.5111238095238095,2.8980952380952383,0.77,2.6885714285714286,29.313636363636363,0.010656562514532895,0.003233039753370664,5.769417,3.424783,26.019629333333334
2022-06-01,0.5320904761904762,3.1433333333333335,1.21,2.6176190476190477,28.23318181818182,0.006435765339312202,0.0017362503696622248,5.763933,3.390844,26.177966666666666
2022-07-01,0.227425,2.896,1.68,2.362,24.995238095238093,0.003820330422103927,0.00398665110487691,5.73418,3.358849,26.336304
2022-08-01,0.14206086956521738,2.8978260869565218,2.33,2.508260869565217,22.169565217391302,0.007093567540592936,0.01235755488582859,5.694997,3.39085,26.48104066666667
2022-09-01,0.3781047619047619,3.5190476190476194,2.56,2.3823809523809523,27.34181818181818,0.00494683369620713,0.0025164155790621304,5.671848,3.366401,26.625777333333332
2022-10-01,0.515035,3.9835000000000003,3.08,2.3935,30.005714285714287,0.006254396230585891,0.005290425996095957,5.608738,3.337265,26.770514
2022-11-01,0.36660499999999996,3.8909999999999996,3.78,2.371,23.29909090909091,0.00689957848449009,0.012183267761815561,5.515984,3.312171,26.919157666666667
2022-12-01,0.15212857142857145,3.616190476190476,4.1,2.2595238095238095,21.784285714285716,0.0032380004657215507,-0.00019569973325066068,5.500834,3.318182,27.067801333333332
2023-01-01,0.04865,3.5315,4.33,2.237,20.16904761904762,0.0038218902314122805,0.00920865224265229,5.435582,3.320714,27.216445
2023-02-01,0.14619473684210527,3.7468421052631578,4.57,2.333684210526316,20.1205,0.003478176253523208,0.007127052143170575,5.364291,3.352679,27.32098166666667
2023-03-01,0.11905217391304347,3.6630434782608696,4.65,2.3021739130434784,21.644347826086957,0.006182008131831702,0.00706512501338462,5.329303,3.293908,27.425518333333333
2023-04-01,-0.047209999999999995,3.46,4.83,2.2664999999999997,17.817894736842106,0.0007694969695289219,-0.003976405665790987,5.265728,3.370786,27.530055
2023-05-01,-0.050695454545454544,3.5736363636363637,5.06,2.213636363636364,17.63608695652174,0.005925551626867981,0.0037596762957977426,5.164237,3.40969,27.711652
2023-06-01,0.04671904761904762,3.7480952380952384,5.08,2.2004761904761905,14.003181818181817,0.003905769091661583,0.01995309972464034,5.14508,3.432403,27.893249
2023-07-01,0.11385,3.8994999999999997,5.12,2.2965,13.932380952380951,0.003273009554835946,0.011314988982327641,5.080981,3.430246,28.074846
2023-08-01,0.23707391304347827,4.167826086956522,5.33,2.3352173913043477,15.85391304347826,0.004167952430560858,0.014484752323906823,5.006839,3.435861,28.191471333333336
2023-09-01,0.35145,4.379,5.33,2.342,15.173333333333332,0.004213635128204141,0.011458832203622798,4.958138,3.436351,28.308096666666668
2023-10-01,0.5765,4.798095238095239,5.33,2.386190476190476,18.887727272727272,0.006726966838844116,0.010770094263379642,4.9122,3.42567,28.424722000000003
2023-11-01,0.43838571428571427,4.502857142857143,5.33,2.3042857142857143,14.01909090909091,0.005951301792014592,0.012830496532493983,4.843174,3.396921,28.519201666666667
2023-12-01,0.17982,4.0200000000000005,5.33,2.1845,12.7185,0.004537583854541543,0.005736864706531054,4.790547,3.38574,28.613681333333332
2024-01-01,0.1909809523809524,4.058095238095238,5.33,2.2661904761904763,13.388636363636364,0.007147152746695955,0.00966185367414303,4.692721,3.344382,28.708161
2024-02-01,0.27992,4.2075000000000005,5.33,2.2824999999999998,13.980476190476189,0.004337659595641491,0.011486365176083098,4.661257,3.353525,28.854455333333334
2024-03-01,0.27413,4.2085,5.33,2.3114999999999997,13.7875,0.004631886952460481,0.006501152258636577,4.618082,3.340755,29.000749666666668
2024-04-01,0.44745454545454544,4.539090909090909,5.33,2.394090909090909,16.137727272727275,0.0073194603408428364,0.0010349210671518072,4.539799,3.354951,29.147044
2024-05-01,0.41604545454545455,4.482272727272727,5.33,2.334090909090909,13.058695652173913,0.006846491949419031,0.007094617184312493,4.489444,3.321817,29.268584000000004
2024-06-01,0.31675789473684207,4.3052631578947365,5.33,2.255263157894737,12.667,0.004130503972002775,0.00177767344736812,4.453571,3.31423,29.390124
2024-07-01,0.2892363636363636,4.248636363636364,5.33,2.2745454545454544,14.373913043478263,0.007421989547117755,0.01238020727079466,4.413615,3.301178,29.511664
2024-08-01,0.11992727272727272,3.8709090909090906,5.33,2.11,19.312272727272727,0.0021588321180274457,0.008420191159659089,4.398721,3.300376,29.61617
2024-09-01,0.100675,3.7235,5.13,2.1075,17.663333333333334,0.006965305601224517,0.004386709443519461,4.38413,3.316936,29.720676
2024-10-01,0.36074999999999996,4.095454545454545,4.83,2.2859090909090907,19.960869565217394,0.004245248166346924,0.00926372610210604,4.357825,3.329141,29.825182
2024-11-01,0.535778947368421,4.35578947368421,4.64,2.3210526315789473,16.015238095238097,0.0025043274788699903,0.00930642079662398,4.323134,3.317682,29.825182
2024-12-01,0.575852380952381,4.3914285714285715,4.48,2.3033333333333332,15.866190476190477,0.008152825296065478,0.0030899275084510847,4.308893,3.297337,29.825182
